Metric,Value,Notes
,,
Last scrape run (UTC),2026-10-01 12:43:18.286787,
Last scrape run (AEST),01 Oct 2026  22:43,UTC + 10 hrs (no DST adjustment)
,,
Total entries monitored,703,
New entries this run,2,
Changed entries this run,3,
Removed entries this run,0,
,,
Auto-run schedule,Mon to Fri,8am / 11am / 2pm / 5pm AEST
,,
,,
CHANGES IN THIS RUN,,
,,
NEW ENTRIES (2),Case Number,URL
+ Kanda Healthcare - Connecting Families,WA-25054,https://www.accc.gov.au/public-registers/acquisitions-and-mergers-registers/acquisitions-register/kanda-healthcare-connecting-families
+ St Vincent's Private Hospitals Limited – St Vincent's Private Hospital Sydney,WA-25051,https://www.accc.gov.au/public-registers/acquisitions-and-mergers-registers/acquisitions-register/st-vincents-private-hospitals-limited-%E2%80%93-st-vincents-private-hospital-sydney
,,
CHANGED ENTRIES (3),Field changed,Old value  →  New value
~ ENEOS – Chevron Australia Downstream,MN-65036,https://www.accc.gov.au/public-registers/acquisitions-and-mergers-registers/acquisitions-register/eneos-%E2%80%93-chevron-australia-downstream
,Acquisition Status,Under assessment  →  Assessment completed
,Accc Determination,  →  Approved
,Determination Publication Date,  →  1 October 2026
,Last Modified Accc,2026-09-11T10:55:39+10:00  →  2026-10-01T16:50:58+10:00
,Consultation Text,The period for providing submissions or information in response to the ACCC’s questionnaire has conc  →  
,Decisions Docs,"  →  [{'date': '1 Oct 2026', 'description': 'ENEOS – Chevron Australia Downstream - Phase 1 determination"
,,
~ Eli Lilly – Merida Biosciences,MN-80042,https://www.accc.gov.au/public-registers/acquisitions-and-mergers-registers/acquisitions-register/eli-lilly-%E2%80%93-merida-biosciences
,Acquisition Status,Under assessment  →  Assessment completed
,Accc Determination,  →  Approved
,Determination Publication Date,  →  1 October 2026
,Last Modified Accc,2026-09-11T11:25:28+10:00  →  2026-10-01T17:43:53+10:00
,Consultation Text,The period for providing submissions or information in response to the ACCC’s questionnaire has conc  →  
,Decisions Docs,"  →  [{'date': '1 Oct 2026', 'description': 'Eli Lilly - Merida Biosciences - Phase 1 determination', 'ur"
,,
~ BBFIT - Hanes Australasia,MN-10028,https://www.accc.gov.au/public-registers/acquisitions-and-mergers-registers/acquisitions-register/bbfit-hanes-australasia
,Acquisition Status,Under assessment  →  Assessment completed
,Accc Determination,  →  Approved
,Determination Publication Date,  →  1 October 2026
,Last Modified Accc,2026-09-03T15:52:03+10:00  →  2026-10-01T17:02:49+10:00
,Consultation Text,The period for providing submissions or information in response to the ACCC’s questionnaire has conc  →  
,Decisions Docs,"  →  [{'date': '1 Oct 2026', 'description': 'BBFIT – Hanes Australasia - Phase 1 Determination', 'url': '"
,,
,,
CHANGES IN THE LAST 7 DAYS,,
,,
NEW ENTRIES (16),Case Number,Detected (AEST)
+ Visa - BioCatch,MN-75056,25 Sep  14:06
+ Blackstone – Flow Control Holdings,WA-10037,25 Sep  21:26
+ Geosyntec Consultants – WRM Water & Environment,WA-10035,25 Sep  21:26
+ REST - Perth Airport,WA-80041,25 Sep  21:26
+ Vets Central – Vital Vet Animal Hospital,MN-85042,28 Sep  23:17
"+ Coles – shopping centre in Albion Park, NSW",WA-65037,28 Sep  23:17
+ Xylem - Flow Controls,MN-85054,29 Sep  14:56
+ Colas – Quarry Products Harlaxton,MN-25048,29 Sep  22:24
+ One Equity Partners – Myriad360,WA-85055,29 Sep  22:24
+ Apiam - Goulburn Valley Equine Hospital,MN-80045,30 Sep  14:43
"+ Coles - supermarket site in Angle Vale, SA",MN-75042,30 Sep  22:09
+ Kinetic - Tassielink,MN-75058,30 Sep  22:09
"+ Waymark Hotels Group – The Queensland Hotel, Goondiwindi, QLD",WA-90038,30 Sep  22:09
"+ Australian Venue Co – assets of Hervey Bay Hotel & Resort, Pialba, QLD",WA-25052,30 Sep  22:09
+ Schreiber Foods – Real Dairy Australia,MN-45029,01 Oct  14:55
+ Architectus – SBA,MN-70039,01 Oct  14:55
,,
"CHANGED ENTRIES (7 entries, 8 change events)",Field changed,Old value  →  New value  (AEST)
~ Visa - BioCatch,MN-75056,https://www.accc.gov.au/public-registers/acquisitions-and-mergers-registers/acquisitions-register/visa-biocatch
,Last Modified Accc,2026-09-25T13:14:51+10:00  →  2026-09-29T13:48:33+10:00  (29 Sep  14:56)
,Consultation Text,The ACCC has prepared a questionnaire on the Acquisition. Submissions or informa  →  The ACCC has prepared a questionnaire on the Acquisition. Submissions or informa  (29 Sep  14:56)
,,
~ Prysmian - Atkore,MN-01124,https://www.accc.gov.au/public-registers/acquisitions-and-mergers-registers/acquisitions-register/prysmian-atkore
,Acquisition Status,Under assessment  →  Assessment completed  (29 Sep  14:56)
,Accc Determination,  →  Approved  (29 Sep  14:56)
,Determination Publication Date,  →  29 September 2026  (29 Sep  14:56)
,Last Modified Accc,2026-09-09T14:24:25+10:00  →  2026-09-29T14:52:24+10:00  (29 Sep  14:56)
,Consultation Text,The period for providing submissions or information in response to the ACCC’s qu  →    (29 Sep  14:56)
,Decisions Docs,"  →  [{'date': '29 Sep 2026', 'description': 'Prysmian - Atkore - Phase 1 determinati  (29 Sep  14:56)"
,Decisions Docs,"[{'date': '29 Sep 2026', 'description': 'Prysmian - Atkore - Phase 1 determinati  →  [{'date': '29 Sep 2026', 'description': 'Prysmian - Atkore - Phase 1 determinati  (29 Sep  22:24)"
,,
~ Flick – GC Pest Control,MN-01122,https://www.accc.gov.au/public-registers/acquisitions-and-mergers-registers/acquisitions-register/flick-%E2%80%93-gc-pest-control
,Acquisition Status,Under assessment  →  Assessment completed  (29 Sep  14:56)
,Accc Determination,  →  Approved  (29 Sep  14:56)
,Determination Publication Date,  →  29 September 2026  (29 Sep  14:56)
,Last Modified Accc,2026-09-07T13:47:14+10:00  →  2026-09-29T14:31:17+10:00  (29 Sep  14:56)
,Consultation Text,The period for providing submissions or information in response to the ACCC’s qu  →    (29 Sep  14:56)
,Decisions Docs,"  →  [{'date': '29 Sep 2026', 'description': 'Flick - GC Pest Control - Phase 1 deter  (29 Sep  14:56)"
,,
~ Colas – Quarry Products Harlaxton,MN-25048,https://www.accc.gov.au/public-registers/acquisitions-and-mergers-registers/acquisitions-register/colas-%E2%80%93-quarry-products-harlaxton
,Last Modified Accc,2026-09-29T16:33:07+10:00  →  2026-09-30T10:12:18+10:00  (30 Sep  14:43)
,Consultation Text,The ACCC has prepared a questionnaire on the Acquisition. Submissions or informa  →  The ACCC has prepared a questionnaire on the Acquisition. Submissions or informa  (30 Sep  14:43)
,,
~ Calvary – Southern Cross Care (Tasmania),MN-20039,https://www.accc.gov.au/public-registers/acquisitions-and-mergers-registers/acquisitions-register/calvary-%E2%80%93-southern-cross-care-tasmania
,Consultation Text,The ACCC has prepared a questionnaire on the Acquisition. Submissions or informa  →  The period for providing submissions or information in response to the ACCC’s qu  (30 Sep  14:43)
,,
~ Nielsen - DoubleVerify,MN-55036,https://www.accc.gov.au/public-registers/acquisitions-and-mergers-registers/acquisitions-register/nielsen-doubleverify
,Consultation Text,The ACCC has prepared a questionnaire on the Acquisition. Submissions or informa  →  The period for providing submissions or information in response to the ACCC’s qu  (30 Sep  14:43)
,,
~ McCormick - Unilever Foods Business,MN-75044,https://www.accc.gov.au/public-registers/acquisitions-and-mergers-registers/acquisitions-register/mccormick-unilever-foods-business
,Title,McCormick / Unilever Foods Business  →  McCormick - Unilever Foods Business  (30 Sep  22:09)
,Last Modified Accc,2026-09-15T16:46:39+10:00  →  2026-09-30T13:03:00+10:00  (30 Sep  22:09)
,Consultation Text,  →  The period for providing submissions or information in response to the ACCC’s qu  (30 Sep  22:09)
,,
